Soap Chicken;Andy shoes are designed to keeping in mind durability as well as trends, the most stylish range of shoes & sandals;560;Small;http://placeimg.com/640/480/technics?ts=613;[5];["Quisquam rerum dolor et. Veniam odit atque sequi. Eaque voluptate possimus facere minima. Sequi ut quia."]
Fish Shoes;Ergonomic executive chair upholstered in bonded black leather and PVC padded seat and back for all-day comfort and support;910;Gorgeous;http://placeimg.com/640/480/technics?ts=702;[5,4,0,4,0];["Id repellendus in sequi. Atque quod ut tenetur dolore sed. Optio iusto qui minima.","Fugiat facere ipsa voluptas dolorem quia repellat minus at. Quo rerum nostrum quasi delectus voluptates voluptatem consequatur eius autem. Consequatur sequi veniam voluptatem qui. Placeat quis laborum est. Numquam in harum ipsa perferendis quasi molestiae amet ut. Non sunt debitis cumque dolor et nostrum.","Dolore possimus laudantium inventore veniam. Et odio laboriosam praesentium nulla repellendus inventore iusto accusamus culpa. Assumenda in assumenda id eaque et dolores vel perspiciatis in. Ea inventore porro non eligendi quos velit quia. Neque nulla fuga aut cupiditate voluptatem sed neque.","Dolor eligendi dicta occaecati nobis officia ea impedit sit aut. Culpa ipsum explicabo nobis explicabo. Sint sed quia officia debitis.","Laboriosam officia harum rerum incidunt tempora nemo rerum. Ab dolorem ab eum reiciendis. Quam sed voluptas et molestiae."]
Car Shoes;New ABC 13 9370, 13.3, 5th Gen CoreA5-8250U, 8GB RAM, 256GB SSD, power UHD Graphics, OS 10 Home, OS Office A & J 2016;218;Incredible;http://placeimg.com/640/480/technics?ts=529;[2,0,0,2,0,3,1,1];["Vero in consequuntur fugit quis consequatur doloremque repellat asperiores. Rem fugiat consequatur rerum laudantium deserunt odit. Nesciunt sunt consequatur odit corrupti in. Ea in mollitia aliquam quia error velit. Dolores eos nemo magni ab autem et quis. Cupiditate eveniet eum et animi fugit natus.","Sed est aut unde sed qui. Vel pariatur ut qui minus quidem molestiae. Ut occaecati eos magni nulla recusandae veritatis vero. Autem debitis ut hic omnis qui eveniet commodi expedita. Est facilis rerum unde ut. Velit amet deserunt ea architecto corporis.","Fuga pariatur rerum. Aperiam maiores quia tempora dolor quasi. Et dolorem quidem dolores sed inventore tenetur. Consequatur illum animi voluptatem sed accusamus sunt. Doloremque itaque sit et quaerat tenetur.","Accusantium omnis nihil illum laborum ipsa voluptates omnis. Facilis ut et distinctio aut dicta perspiciatis ut vitae. Omnis voluptates eius qui deleniti dolores sit quisquam provident. Fuga quo iste esse ut illum quidem minus. Incidunt nesciunt odit quis sapiente at. Eos quia sunt iure quae est.","Velit eum omnis rerum facere. Mollitia at ullam hic. Optio laboriosam et tempora sed non incidunt reprehenderit dolorem. Sed repellat voluptatem sapiente porro maxime dignissimos atque voluptatum.","Est qui necessitatibus eum aut consequatur et labore tempora. Rem dolor iste dolorem voluptatem modi. Blanditiis doloribus ut eum reprehenderit sunt. Ea nemo et aspernatur voluptatum.","Molestiae odio laborum nam in consequuntur. Ullam repudiandae rem non deleniti ut eum quos ad unde. Rem a tenetur tempore neque in in qui nihil consequatur. Consequuntur aut voluptatem nostrum.","Consequatur quo qui doloremque cupiditate. Inventore sed ducimus eum omnis quae est nisi. Et odio minus expedita molestiae aut quis distinctio voluptatibus reprehenderit. Nemo voluptatem veritatis beatae magni. Ad voluptatem et itaque neque eum aut molestiae. Nostrum voluptatem ut atque aut id hic."]
Fish Pants;The Football Is Good For Training And Recreational Purposes;407;Incredible;http://placeimg.com/640/480/technics?ts=489;[0,4,2,5,2,5,4,5,2,3,3,1,1,2,4,2];["Ad commodi voluptatem cumque facilis assumenda perferendis est consequuntur. Aspernatur sed facilis. Dolores a perferendis architecto. Accusantium consequatur eos est incidunt ea.","Exercitationem vero repellendus dolor sunt aut dolor labore quis iusto. Perspiciatis fugiat sapiente nulla non quos unde. Ipsum molestiae eum labore omnis. Exercitationem officiis fugit ut quisquam. Temporibus repudiandae beatae ut.","Vel corrupti sed deserunt. Modi ab perferendis et possimus. Accusamus ipsa alias officiis qui ut suscipit quaerat voluptas. Enim culpa consequatur quia. Quo totam impedit officiis tempore.","Doloribus qui iste placeat est placeat provident earum aspernatur. Autem voluptas qui dolor error est quae error. Est et facere quibusdam debitis sunt qui blanditiis. Autem facilis laborum corporis nostrum vel minima voluptate. Odit cupiditate tempore et et incidunt in commodi quis culpa. Eos corporis reiciendis dolorem amet enim sint quia.","Optio minima neque magni non ex ratione vel rerum commodi. Nisi accusamus unde. Minus omnis corporis. Magni alias id fugit vero necessitatibus et.","Fuga placeat nostrum exercitationem molestiae eius neque qui sequi sunt. Qui placeat eveniet fugit. Modi officiis atque corporis optio a ab. Voluptas harum quae voluptatem ducimus veniam. Odio qui suscipit dolorem. Omnis quis nihil est est.","Amet repellendus voluptate modi magni neque enim laboriosam tempora. Quidem delectus soluta. Distinctio officiis deleniti et rerum vitae unde.","Quam dolorem neque quia a doloribus. Unde doloremque ipsam est ut veniam iste ratione ea et. Maiores quam quia provident modi a.","Deserunt quibusdam esse exercitationem magni provident doloribus non hic voluptate. Iusto laudantium eum modi id dolorem alias perferendis nesciunt. Id id quisquam sed omnis a eum quis illum natus. Voluptas ad reprehenderit sint praesentium quis quaerat et explicabo eaque.","Adipisci illum et sit rerum labore quibusdam molestiae. Qui deserunt nemo doloremque quia deleniti placeat quisquam. Facere corrupti culpa amet. Non fuga deserunt. Temporibus et assumenda.","Non iusto explicabo explicabo quod asperiores. Repudiandae vel quia tempora. Cupiditate dolores numquam blanditiis qui autem. Itaque repellendus eaque eaque eum nesciunt. Ex non et iusto sed.","Quos alias quasi quisquam alias reiciendis aut. Pariatur eveniet consequatur velit ab quis dolorum at enim odit. Nihil quas rerum. Maxime non incidunt et. Fugiat harum sequi natus animi et in quis. Sed omnis est laudantium labore ut et cumque pariatur.","Eveniet quis praesentium debitis vel. Deserunt voluptate repellendus enim rerum accusantium. Laborum tenetur voluptas voluptatem iste aliquid sint autem. Voluptatem error magni qui laboriosam quod praesentium alias est.","Sint ut perferendis ex. Aut sed magnam cumque porro exercitationem commodi. Quaerat sed quaerat nam quis numquam.","Perspiciatis aspernatur esse officiis qui voluptas facere sit optio laboriosam. Laboriosam qui quidem quis excepturi. Veritatis quo et iure nihil nulla praesentium velit animi autem. Dolores voluptas accusamus incidunt error expedita. Voluptatem id beatae labore doloribus. Omnis porro odio saepe odit qui.","Ducimus ducimus dolores eos harum. Et soluta unde aut et laborum adipisci sit non non. Modi consequatur ipsam doloremque culpa. Et et debitis sit ut qui ab perferendis. Maiores sint mollitia rerum vel neque dolorum nam ea ut."]
Shirt Bike;Boston's most advanced compression wear technology increases muscle oxygenation, stabilizes active muscles;757;Intelligent;http://placeimg.com/640/480/technics?ts=50;[0,5,4,1,4,2,3,4,2,5,0,2];["Perspiciatis est qui velit est similique eos quam delectus recusandae. Tenetur placeat explicabo. Incidunt numquam aut ratione rerum voluptas.","Temporibus inventore consequuntur dolor aut ab. Nesciunt omnis voluptatibus id in. Soluta ea provident esse quia facere omnis ut voluptatem culpa. Qui sed amet culpa ex iste harum.","Odio ullam natus ut ratione consequatur. Dolorum perspiciatis porro. Adipisci laudantium non occaecati ea iste. Eaque rerum consectetur. Blanditiis dignissimos culpa impedit. Praesentium reprehenderit id sed quasi beatae et placeat.","Repudiandae quia est eos rerum aut placeat reprehenderit ea. Soluta dicta odit ipsa quod eligendi officia. Et et animi et eaque ut illum. Repellat quia incidunt corporis cumque magnam.","Ea aut vel mollitia. Vel autem asperiores omnis et non qui totam sunt quidem. Et aut libero laborum dicta neque totam et nostrum. Et possimus voluptatum nostrum aut esse quis.","Nam est aperiam ea. Vel corrupti itaque corporis tenetur quis placeat maiores. Voluptas mollitia voluptas optio sunt eum alias minima. Itaque enim aspernatur quia voluptas error.","Aut qui perferendis qui recusandae dolorem eius deleniti voluptatem et. Qui dolorem facere. Commodi qui iure nihil illo ipsa beatae molestias eos qui. Nihil consequatur qui.","Voluptate magnam cum nihil ad dolor voluptas non. Fugit hic modi labore dicta voluptatem. Dolor architecto asperiores. Ea quia reiciendis quam. Corporis aperiam adipisci numquam. Officiis vero incidunt ratione sunt cum omnis.","Blanditiis consequatur ut voluptatem impedit dolores. Impedit doloremque consectetur cum adipisci ut itaque sed sed quam. Ullam aut esse ducimus ratione rerum. Odio sed quia vel. Sit in blanditiis. Ratione rem magni voluptates animi dolorem adipisci omnis magni tempora.","Omnis necessitatibus facilis ipsam nesciunt quia. Sapiente ducimus saepe tenetur. Atque ab corrupti harum velit consequatur quia quaerat aut. Culpa laboriosam sit dolore deserunt est excepturi recusandae. Distinctio quis ut a facere aliquam exercitationem. Adipisci facere porro asperiores quae.","Id cum dolores voluptate laborum et. Porro dolores et quasi voluptas. Repellendus ea sunt aut sit velit quia tempore est. Atque voluptatem blanditiis totam beatae delectus rerum numquam ad. Ut accusantium inventore tempora explicabo non voluptatibus aliquid accusamus facilis. Non aut sapiente sunt dolores quasi.","Illum architecto exercitationem ea. Eum ut placeat dolores et aut. Reiciendis dolorem voluptas cupiditate."]
Keyboard Shoes;The Football Is Good For Training And Recreational Purposes;656;Tasty;http://placeimg.com/640/480/technics?ts=138;[2,2,2,3,4,3,4,1,0,5,2,0,4,0,3];["Voluptatem adipisci perspiciatis laborum. Temporibus est alias nihil et fugit voluptatem qui quisquam autem. Saepe molestias illo. Numquam omnis voluptatem consequuntur adipisci. Ad vel similique. Ipsum repellendus alias ipsa deserunt commodi.","Ad ad sed voluptas quaerat aliquid sed. Et quisquam aliquam dolorem ut inventore esse commodi officia inventore. Esse ratione vero. Cum et illum explicabo voluptas. Magni dolore debitis repellendus esse quae eius voluptates explicabo omnis.","Magnam eligendi vel nihil eaque et similique debitis. Magnam dolor molestiae adipisci est sint. Numquam maxime vel praesentium omnis in sed veritatis inventore. Ut rerum autem omnis assumenda numquam tempore reprehenderit repudiandae. Voluptas iusto debitis sunt. Repellendus aut ea quaerat dolorem nobis possimus illo est.","Eaque veritatis magnam ratione rerum incidunt illum illum laboriosam. Voluptatem non illo voluptatum delectus. Error ut vero est dolorem assumenda officia ipsam quos. Qui eveniet sint quis esse odio libero rerum doloribus.","Assumenda atque similique. Magni sint aut. Aspernatur sit dolor quidem facere. Totam laboriosam voluptatibus. Sapiente ipsam voluptatibus enim aspernatur at nisi error.","Illo sed repellendus repellat consequatur natus unde at. Numquam fugit saepe. Qui libero deserunt voluptatem maxime. Maxime nulla ea iste. Et accusantium rerum voluptatum expedita distinctio. Quis inventore incidunt eaque odio sapiente voluptas ut sed.","In dolores vel non et quae. Corrupti officia est iste reiciendis. Officiis veniam ut. Ex cumque sint adipisci quia reprehenderit reprehenderit et.","Voluptate cumque praesentium. Aliquid id necessitatibus occaecati cum dolor numquam at voluptates. Et eum sunt molestiae voluptas. Aut ut dolore.","In nulla blanditiis ipsa velit non id qui. Accusantium quisquam neque debitis hic labore excepturi explicabo. Est molestias qui. Porro molestiae eum aut corporis perferendis quis velit deleniti. Ex ut vero. Ipsum aspernatur a sit asperiores itaque consequatur officiis libero.","Ratione nihil voluptatum quos qui perferendis illum repellat perspiciatis corrupti. Eveniet expedita dolores eligendi sapiente quia in. Debitis necessitatibus ut eum tenetur sit aperiam rerum qui.","Voluptatem in omnis maiores debitis suscipit. Atque dolores dolor ex excepturi possimus. Cumque sit nihil corporis.","Ex molestiae optio quis omnis dolores et rem. Numquam laboriosam voluptas alias ipsa. Officiis nam similique facere vitae eveniet. Vitae soluta voluptas officia pariatur.","Qui numquam quibusdam consequatur. Tempora eos voluptas voluptas provident accusantium. Nisi ut sint voluptatibus eligendi consequatur temporibus. Nostrum fuga exercitationem dicta ipsam sunt et et pariatur tempora. Ipsam occaecati enim excepturi ut repellat magnam inventore eos. In rerum voluptate ea consequatur.","Laboriosam dolores rerum assumenda. Saepe vel delectus sed. Et officiis repudiandae enim neque odit voluptas rerum qui. Omnis vel in et consequatur voluptatem eum. Consequuntur tenetur animi pariatur fugit aut fugit.","Voluptatum et amet accusamus rerum deleniti consequatur fuga. Molestiae laudantium totam error quaerat eligendi autem. Nostrum accusamus modi itaque nisi explicabo ullam ea. Ut aperiam doloribus quos dolores optio et eos tempora. Doloremque voluptas odio. Voluptatem distinctio repudiandae eveniet rerum et."]
Gloves Table;The beautiful range of Apple Naturalé that has an exciting mix of natural ingredients. With the Goodness of 100% Natural Ingredients;539;Rustic;http://placeimg.com/640/480/technics?ts=747;[3,5];["Officia voluptas quis ipsum dignissimos tempore. Illo architecto id et voluptatibus. Qui excepturi in dicta. Laboriosam est est. Minus in est excepturi sed officiis.","Sit voluptatem rem et modi occaecati eaque distinctio consequatur repudiandae. Sunt molestiae sequi magnam aspernatur nam. Voluptatum consectetur beatae quis a qui eaque doloremque. Quia ut tempora nihil porro nobis atque ipsum exercitationem."]
Cheese Chicken;Boston's most advanced compression wear technology increases muscle oxygenation, stabilizes active muscles;667;Incredible;http://placeimg.com/640/480/technics?ts=540;[1,0,0,1,2];["In officiis quasi. Fugit et recusandae rem quam necessitatibus. Qui minima dolores quisquam. Impedit eos et sit incidunt repellendus natus nostrum ut. Quia atque facere fugiat unde qui aut. Iure praesentium possimus architecto optio praesentium sit quisquam et quae.","Quia tempora voluptatum recusandae suscipit in. Quasi quibusdam maiores. Deserunt nihil corporis aliquam cum in autem quis eligendi illo. Doloremque qui veniam laudantium voluptates. Tempore qui iusto temporibus repellendus cumque est deleniti et dolor. Dolorem minus velit iste placeat error quia illo dignissimos at.","Nulla at laborum et ipsam mollitia. Alias non eius eum rerum facilis. A et et et totam itaque ut ex voluptas.","Est mollitia voluptatum. Nam sed impedit illum distinctio sed. Quasi id accusantium sit consequatur ipsum consequatur fugit dolores. Aut minima mollitia et at necessitatibus.","Sint doloremque voluptate soluta praesentium numquam nihil corporis architecto aut. Quibusdam officia accusantium sequi quam tempora et rerum. Porro voluptatem assumenda. Dolor asperiores aliquid voluptates nisi repellendus molestias. Nobis eligendi quo qui aliquam quia ad."]
Mouse Bike;New range of formal shirts are designed keeping you in mind. With fits and styling that will make you stand apart;199;Refined;http://placeimg.com/640/480/technics?ts=860;[0,3,0,2,3,2,1,4,0,1,3,5];["Et laudantium doloremque quibusdam ab quae at. Aut repudiandae explicabo labore perferendis. Unde reiciendis omnis fugiat tempora necessitatibus eveniet. Maiores et asperiores magnam assumenda rem at veritatis ex. Autem praesentium quaerat aliquam similique voluptate.","Doloremque soluta animi aut. Voluptatem consectetur consequatur. Neque nisi maxime consectetur eos.","Aut quibusdam rerum. Est amet enim asperiores vel. Voluptatem at assumenda tenetur nesciunt est quas ad odit odit. Quia sed aut nobis. Voluptate magni odit aut placeat.","Nisi mollitia dicta animi veniam. Ut incidunt beatae est alias rem. Quia vel sed et perferendis magnam iste cupiditate dolorem. Sunt fugiat quis esse libero ex. Nostrum odit veniam et excepturi voluptas vitae. Fugit quam ab itaque minima aut rem.","Nisi minus quia ut debitis ut. Autem dicta iste saepe aliquam et. Voluptatibus quaerat architecto. Voluptatem autem nobis. Id quos assumenda voluptatem.","In maiores iusto consequuntur hic id corporis. Voluptates incidunt amet est dicta eius maiores. Maxime quis perferendis repudiandae. Aliquam voluptate animi qui eveniet quia nemo. Quos debitis facere qui et harum consequatur aut. Consequatur fugit culpa vero odit ducimus tempore sed distinctio.","Sed voluptas aut sunt quia voluptatibus hic ipsa voluptate. Asperiores officiis magnam ipsa. Nihil earum fugiat eius et nihil non dicta voluptatem aut. Magni commodi vel rem. Sed deleniti molestiae nobis accusantium.","Est ex quod perferendis doloribus non. In vel repudiandae dolorem est. Ut veritatis saepe. Aut voluptatem neque impedit enim dolorem velit dolore.","Mollitia sint est asperiores quis et laboriosam minima. Veniam iste ipsum. Ab sed nam. Rem qui numquam et.","Quasi consequatur amet. Possimus quaerat perferendis. Voluptatem vitae ut sunt et distinctio non est. Magnam repellat dolor aut veniam maiores. Ut sed et eaque ut velit unde ratione maiores.","Voluptas eos aut. Nihil et accusamus culpa recusandae ipsum dicta qui ad. Aut aspernatur nesciunt cum explicabo.","Et qui laborum ab sunt pariatur molestiae sequi voluptatibus. Dolorem necessitatibus facere quis eos et placeat ex voluptas. Sit cum amet vel exercitationem quas cupiditate qui unde vitae."]
Mouse Tuna;Boston's most advanced compression wear technology increases muscle oxygenation, stabilizes active muscles;472;Rustic;http://placeimg.com/640/480/technics?ts=619;[2,1,0,2];["Itaque laboriosam nam maxime necessitatibus corporis vero nisi possimus maxime. Quia iure est molestiae qui et sit perferendis voluptatem quae. Nesciunt aut animi quibusdam eum. Qui rerum rem porro ut non nulla dicta. Molestiae occaecati eligendi dolorem explicabo corporis non quaerat voluptatibus. Magnam omnis nemo pariatur natus enim qui vero voluptatem molestias.","Qui explicabo aut id et molestias rerum est et laboriosam. Deleniti vel dolorem aliquid illo deleniti qui porro sint. Nostrum quo rerum est blanditiis voluptates velit fugit. Qui voluptatem dolore cupiditate nihil quidem sed autem delectus. Voluptatibus omnis nulla nesciunt repellendus autem eaque maxime consequuntur tempore.","Distinctio dignissimos voluptatum fuga. Dolores totam asperiores. Aut soluta autem sapiente qui est. Deleniti consectetur quia laudantium nesciunt odio suscipit quae. Fugit est et aut expedita impedit.","Vel omnis ab voluptate numquam corporis et voluptas molestiae. Dignissimos fugiat corporis aut corrupti. Exercitationem animi recusandae ab neque accusantium vero eaque magni. Voluptates numquam corrupti necessitatibus labore enim aut deserunt. Rerum aut fuga et exercitationem inventore at totam."]
Car Salad;Boston's most advanced compression wear technology increases muscle oxygenation, stabilizes active muscles;165;Licensed;http://placeimg.com/640/480/technics?ts=284;[1,1,1,5,0,3];["Qui molestiae asperiores nihil alias eum. Architecto porro rerum voluptatum debitis quis. Dolore reiciendis consectetur.","Ad voluptatem maiores est in hic. Qui nostrum vel et voluptas magni quis. Voluptatum eligendi qui facilis harum aperiam dolores aut quia nemo. Laborum sint debitis. Qui fuga sit sed autem eveniet qui ea. Ducimus sunt accusantium suscipit.","Saepe fugit aut minus aut vel. Recusandae fuga atque officia fuga amet laborum blanditiis cumque sit. Eveniet quod optio voluptates. Perferendis est architecto sed nesciunt.","Eligendi minima quis ut eum hic. Corrupti ab rem harum veniam quasi incidunt. Placeat officia voluptatem omnis non beatae sit eum. Nihil corrupti facere illo a minus. Rerum qui totam amet minus dolore quam fuga.","Ad quia non. Qui dolorem maiores temporibus qui nulla deserunt distinctio aliquam et. Quia omnis ab. Repudiandae temporibus asperiores quam libero ut fugit aut reiciendis. Nostrum magnam natus expedita ea expedita. Consectetur vero rerum qui asperiores cupiditate et officiis quibusdam et.","Aspernatur iure error libero. Nemo nam voluptas suscipit sed dolore fuga pariatur. Est aspernatur et. Sunt voluptates dicta facilis fugit non dolor nostrum. Ea quidem eligendi velit optio et. Omnis ut quae quia eos quia."]
Sausages Sausages;New range of formal shirts are designed keeping you in mind. With fits and styling that will make you stand apart;917;Rustic;http://placeimg.com/640/480/technics?ts=619;[4,4,4,4,3,5,0,1,1,4,0,5,3,4,4,2,5,4,3,1];["Animi est sunt id repellendus. Repellendus dolores quo. Eum quaerat qui. Culpa at nam. Pariatur sit voluptatem nobis velit eligendi harum rerum.","Qui vel ratione nulla officiis voluptatibus earum corrupti. Quisquam quidem accusantium nisi et qui assumenda vitae tempore deleniti. Similique dolore dolor.","Quis in itaque adipisci quibusdam voluptate atque et. Quia excepturi non possimus nulla distinctio dolor est et. Fugiat sint perferendis ex laboriosam aliquid eius quis. Rerum sint totam sunt. Iusto earum esse mollitia sit vel.","Aut deserunt molestias iure. Rem sed natus laborum ea. Facere asperiores omnis vel autem saepe rem. Debitis molestiae quaerat ab voluptatibus veniam id.","Qui et cumque quidem sunt maiores. Unde qui voluptas et quod hic eligendi ipsum molestias. Voluptatem sunt autem pariatur id sed deserunt quaerat dignissimos assumenda. Consectetur maxime quibusdam qui.","Nam repellat consequuntur cupiditate ipsum accusamus excepturi nostrum a et. Consectetur nihil nemo vitae cupiditate. Laboriosam eius autem enim quis ratione sed minima.","Quibusdam modi facere perspiciatis nostrum occaecati impedit quis officiis. Magnam voluptate quia. Ipsum amet exercitationem labore illo vero sint saepe quo. Corporis eum quo amet dicta. Labore voluptatem repudiandae omnis ea deleniti non quaerat fugit. Maiores perspiciatis error aut aut illo quos commodi.","Aut accusamus cum assumenda alias eos. Quae perspiciatis et totam optio et. Vitae assumenda quis vel tempore aperiam vero illum voluptatem. Illo vero omnis fugit amet et blanditiis ut quaerat hic.","Dolorum consequatur enim cum illum corporis maiores. Sit fugit doloremque voluptates. Quasi qui debitis ut id ut quasi quia. Omnis magni consequatur sapiente ut quisquam sit sed consequatur et. Dolorum praesentium et. Ipsum vero reiciendis eum ut doloribus et consequuntur.","Rem quas laboriosam accusamus et tempore. Eligendi repellat harum laboriosam. Esse molestiae quas.","Velit ipsa itaque eum autem itaque eos quas laboriosam dolore. Iste et voluptatem tempore cupiditate quaerat cum et incidunt enim. Quia accusamus qui ea incidunt laborum dolorem at amet.","Doloremque et officia. Corrupti officia ipsum nemo error. Voluptas eum eum tenetur. Repellendus omnis qui. Deserunt provident maxime.","Distinctio dicta odio. Est autem illo ab. Qui quos alias quia reprehenderit aut soluta omnis dignissimos. Tenetur et totam.","Eius harum explicabo voluptatibus non. Officia praesentium magnam. Nemo iusto quas molestiae cum quae quam cupiditate doloremque dolore.","Quos cupiditate totam sunt voluptatibus modi. Eos qui atque et eaque et cumque maxime minima. Ut nam non illo quidem id eius reiciendis sunt. Sed perferendis voluptas distinctio est voluptatum. Reiciendis ut eum voluptatem fuga.","Dicta adipisci occaecati magni. Et impedit libero sed. Praesentium quis aspernatur neque est fugit tenetur. Nostrum odit et maiores dolore non doloremque.","Ipsum enim corporis. Consequuntur dolores amet est. Totam error maxime ea. Eveniet alias consequuntur labore aspernatur et autem rem minus recusandae.","Nam numquam et. Aperiam dolores autem possimus a similique unde. Alias suscipit et. Dolorem hic aut eligendi ratione voluptatem quo ipsum. Ad ut autem quo.","Nulla perspiciatis nam praesentium placeat voluptatem. Sit aut et porro inventore. Quia voluptatem hic perferendis nihil nulla repellendus. Ullam nam voluptates accusamus placeat ipsum possimus. Magnam aspernatur fugiat architecto praesentium est ipsum odio.","Adipisci laboriosam dicta quos aspernatur impedit et. Architecto perferendis suscipit distinctio excepturi. Ut quo ipsam velit dignissimos perspiciatis dolor. Quisquam fugiat consequuntur sunt. Sed et at odit omnis voluptatem voluptates libero aspernatur."]
Towels Car;New range of formal shirts are designed keeping you in mind. With fits and styling that will make you stand apart;828;Rustic;http://placeimg.com/640/480/technics?ts=557;[0,5,0];["Nemo aperiam numquam. Dolores maiores mollitia minus. Error dolores consectetur quibusdam dolores id minima ullam. Rerum pariatur illum error quibusdam quo alias.","Doloribus veniam deleniti aliquam veritatis eos dolorum hic natus doloremque. Sapiente ipsa corrupti. Quae eaque ipsam.","Soluta debitis rerum sit voluptatem mollitia debitis. Fugiat consequatur in debitis iusto aut molestias. Illum nisi eveniet et aut. Aut et molestias quod deserunt et nihil dolorem cumque laboriosam."]
Pizza Bacon;Carbonite web goalkeeper gloves are ergonomically designed to give easy fit;254;Licensed;http://placeimg.com/640/480/technics?ts=139;[4];["Voluptas quia aliquid est iusto delectus. Ut accusamus eligendi molestiae. Eum optio sed id consectetur enim et. Qui id earum illum harum."]
Pizza Table;The automobile layout consists of a front-engine design, with transaxle-type transmissions mounted at the rear of the engine and four wheel drive;270;Unbranded;http://placeimg.com/640/480/technics?ts=428;[0,3,5];["Nesciunt sint qui vero earum facilis harum doloribus blanditiis repellat. Velit repellat inventore corrupti quisquam qui qui tempore in. Ab consequatur ea odit. Suscipit illo assumenda alias autem ad dolores qui ut. Architecto necessitatibus ut aut.","Omnis dicta ratione qui ipsum quos voluptatum eos voluptas. Animi non dolorum delectus provident consectetur voluptatibus est sapiente veniam. Eos non aut quis debitis vero. Ratione natus non unde.","Consequatur quis laboriosam voluptas et excepturi nam laudantium. Voluptatem eos velit maiores odio est dicta et. Sunt et beatae officiis deleniti dicta dolore. Veritatis quibusdam maiores."]
